CODIGO,COD_REDUZIDO,PRODUTO,FAMILIA,STATUS,TOTAL
7899866825819,5819,Agenda Planner Argolado 2025 Astral Semanal A6 Maré Off White,ASTRAL,Lançamento,1040
7899866825826,5826,Agenda Planner Argolado 2025 Astral Semanal Notas A5 Eclipse Caramelo,ASTRAL,Lançamento,1045
7899866825833,5833,Agenda Planner Argolado 2025 Ateliê Semanal A6 Preto,ATELIE,Lançamento,900
7899866825840,5840,Agenda Planner Argolado 2025 Clássica Semanal A6 Vermelho Quente,CLASSICA,Lançamento,1075
7899866825857,5857,Agenda Planner Argolado 2025 Clássica Semanal A6 Café,CLASSICA,Lançamento,1100
7899866825864,5864,Agenda Planner Argolado 2025 Clássica Semanal Notas A5 Preta,CLASSICA,Lançamento,1265
7899866825871,5871,Agenda Planner Argolado 2025 Clássica Semanal Notas A5 Verde Oliva,CLASSICA,Lançamento,1215
7899866825888,5888,Agenda Planner Argolado 2025 Ateliê Semanal Notas A5 Off White,ATELIE,Lançamento,1240
7899866825895,5895,Agenda Planner Argolado 2025 Kraft Semanal Notas A5 Flores Max,KRAFT,Lançamento,765
7899866825901,5901,Agenda Planner Argolado 2025 Melissa Semanal Notas A5 Casinha das Abelhas,MELISSA,Lançamento,1205
7899866825918,5918,Agenda Planner Argolado 2025 Bossa Nova Semanal A6 Pontos Azul,BOSSA NOVA,Lançamento,845
7899866825925,5925,Agenda Planner Argolado 2025 Bossa Nova Semanal Notas A5 Boemia,BOSSA NOVA,Lançamento,1005
7899866825932,5932,Agenda Planner Argolado 2025 Melissa Semanal A6 Caminho das Abelhas,MELISSA,Lançamento,1120
7899866825949,5949,Agenda Planner Argolado 2025 Pólen Semanal Notas A5 Aromas Azul,POLEN,Lançamento,1180
7899866825956,5956,Agenda Planner Ciceros 2025 Astral Diária 14x21 Eclipse Caramelo,ASTRAL,Lançamento,1510
7899866825963,5963,Agenda Planner Ciceros 2025 Astral Semanal 14x21 Maré Off White,ASTRAL,Lançamento,1805
7899866825970,5970,Agenda Planner Ciceros 2025 Astral Semanal Anotações 14x21 Eclipse Preto,ASTRAL,Lançamento,1915
7899866825987,5987,Agenda Planner Ciceros 2025 Clássica Diária 14x21 Vermelho Quente,CLASSICA,Lançamento,1675
7899866825994,5994,Agenda Planner Ciceros 2025 Clássica Diária 14x21 Preta,CLASSICA,Lançamento,1590
7899866826007,6007,Agenda Planner Ciceros 2025 Clássica Semanal 14x21 Preta,CLASSICA,Lançamento,1620
7899866826014,6014,Agenda Planner Ciceros 2025 Clássica Semanal 14x21 Café,CLASSICA,Lançamento,1370
7899866826021,6021,Agenda Planner Ciceros 2025 Clássica Semanal 14x21 Vermelho Quente,CLASSICA,Lançamento,1925
7899866826038,6038,Agenda Planner Ciceros 2025 Clássica Semanal 9x13 Verde Oliva,CLASSICA,Lançamento,1675
7899866826045,6045,Agenda Planner Ciceros 2025 Clássica Semanal 9x13 Preta,CLASSICA,Lançamento,1690
7899866826052,6052,Agenda Planner Ciceros 2025 Clássica Semanal Anotações 14x21 Caramelo,CLASSICA,Lançamento,1990
7899866826069,6069,Agenda Planner Ciceros 2025 Clássica Semanal Anotações 14x21 Preta,CLASSICA,Lançamento,1680
7899866826076,6076,Agenda Planner Ciceros 2025 Clássica Semanal Anotações 14x21 Verde Oliva,CLASSICA,Lançamento,2550
7899866826083,6083,"Agenda Planner Ciceros 2025 Clássica Semanal Planejamento 17x19,5 Preta",CLASSICA,Lançamento,1105
7899866826090,6090,"Agenda Planner Ciceros 2025 Clássica Semanal Planejamento 17x19,5 Caramelo",CLASSICA,Lançamento,1220
7899866826106,6106,Agenda Planner Ciceros 2025 Ateliê Diária 14x21 Preto,ATELIE,Lançamento,1605
7899866826113,6113,Agenda Planner Ciceros 2025 Ateliê Semanal 14x21 Preto,ATELIE,Lançamento,1945
7899866826120,6120,Agenda Planner Ciceros 2025 Ateliê Semanal 9x13 Off White,ATELIE,Lançamento,2040
7899866826137,6137,Agenda Planner Ciceros 2025 Ateliê Semanal Anotações 14x21 Off White,ATELIE,Lançamento,2775
7899866826144,6144,"Agenda Planner Ciceros 2025 Ateliê Semanal Planejamento 17x19,5 Rosa",ATELIE,Lançamento,1385
7899866826151,6151,Agenda Planner Ciceros 2025 Kraft Semanal 14x21 Flores Mini,KRAFT,Lançamento,1275
7899866826168,6168,Agenda Planner Ciceros 2025 Bossa Nova Semanal Anotações 14x21 Pontos Azul,BOSSA NOVA,Lançamento,1460
7899866826175,6175,Agenda Planner Ciceros 2025 Melissa Diária 14x21 Favo de Abelhas,MELISSA,Lançamento,1365
7899866826182,6182,Agenda Planner Ciceros 2025 Melissa Semanal 9x13 Caminho das Abelhas,MELISSA,Lançamento,2525
7899866826199,6199,Agenda Planner Ciceros 2025 Melissa Semanal Anotações 14x21 Colmeia,MELISSA,Lançamento,3025
7899866826205,6205,Agenda Planner Ciceros 2025 Kraft Diária 14x21 Flores Max,KRAFT,Lançamento,1240
7899866826212,6212,Agenda Planner Ciceros 2025 Bossa Nova Semanal 14x21 Pontos Off White,BOSSA NOVA,Lançamento,1505
7899866826229,6229,Agenda Planner Ciceros 2025 Kraft Semanal 9x13 Flores Mini,KRAFT,Lançamento,1665
7899866826236,6236,Agenda Planner Ciceros 2025 Bossa Nova Semanal Anotações 14x21 Boemia,BOSSA NOVA,Lançamento,1800
7899866826243,6243,"Agenda Planner Ciceros 2025 Melissa Semanal Planejamento 17x19,5 Favo de Abelhas",MELISSA,Lançamento,1215
7899866826250,6250,Agenda Planner Ciceros 2025 Bossa Nova Diária 14x21 Pontos Azul,BOSSA NOVA,Lançamento,1105
7899866826267,6267,Agenda Planner Ciceros 2025 Melissa Semanal 14x21 Casa das Abelhas Rosê,MELISSA,Lançamento,1675
7899866826274,6274,Agenda Planner Ciceros 2025 Bossa Nova Semanal 9x13 Pontos Azul,BOSSA NOVA,Lançamento,1830
7899866826281,6281,Agenda Planner Ciceros 2025 Melissa Semanal Anotações 14x21 Casa das Abelhas Lilás,MELISSA,Lançamento,1990
7899866826298,6298,"Agenda Planner Ciceros 2025 Bossa Nova Semanal Planejamento 17x19,5 Boemia",BOSSA NOVA,Lançamento,1250
7899866826304,6304,Agenda Planner Ciceros 2025 Pólen Diária 14x21 Aromas Off White,POLEN,Lançamento,1450
7899866826311,6311,Agenda Planner Ciceros 2025 Pólen Semanal 14x21 Aromas Off White,POLEN,Lançamento,2175
7899866826328,6328,Agenda Planner Ciceros 2025 Pólen Semanal 9x13 Aromas Amarelo,POLEN,Lançamento,1925
7899866826335,6335,Agenda Planner Ciceros 2025 Pólen Semanal Anotações 14x21 Aromas Azul,POLEN,Lançamento,2075
7899866826342,6342,"Agenda Planner Ciceros 2025 Pólen Semanal Planejamento 17x19,5 Aromas Azul",POLEN,Lançamento,1150
7899866826359,6359,"Agenda Planner Wire-o 2025 Astral Diária 11,5x16 Maré Azul",ASTRAL,Lançamento,1088
7899866826366,6366,Agenda Planner Wire-o 2025 Astral Diária A5 Eclipse Preto,ASTRAL,Lançamento,1685
7899866826373,6373,Agenda Planner Wire-o 2025 Astral Semanal Anotações A5 Maré Azul,ASTRAL,Lançamento,1690
7899866826380,6380,Agenda Planner Wire-o 2025 Astral Semanal Notas c/ Divisórias A5 Eclipse Preto,ASTRAL,Lançamento,980
7899866826397,6397,"Agenda Planner Wire-o 2025 Astral Semanal Office 15,5x9 Eclipse Caramelo",ASTRAL,Lançamento,1110
7899866826403,6403,"Agenda Planner Wire-o 2025 Clássica Diária 11,5x16 Verde Oliva",CLASSICA,Lançamento,1245
7899866826410,6410,Agenda Planner Wire-o 2025 Clássica Diária A5 Café,CLASSICA,Lançamento,1690
7899866826427,6427,Agenda Planner Wire-o 2025 Clássica Semanal Anotações A5 Café,CLASSICA,Lançamento,1615
7899866826434,6434,Agenda Planner Wire-o 2025 Clássica Semanal Notas c/ Divisórias A5 Preta,CLASSICA,Lançamento,935
7899866826441,6441,Agenda Planner Wire-o 2025 Clássica Semanal Anotações A5 Vermelho Quente,CLASSICA,Lançamento,1735
7899866826458,6458,Agenda Planner Wire-o 2025 Clássica Semanal Notas c/ Divisórias A5 Verde Oliva,CLASSICA,Lançamento,1050
7899866826465,6465,"Agenda Planner Wire-o 2025 Clássica Semanal Office 15,5x9 Verde Oliva",CLASSICA,Lançamento,1280
7899866826472,6472,"Agenda Planner Wire-o 2025 Ateliê Diária 11,5x16 Rosa",ATELIE,Lançamento,1065
7899866826489,6489,Agenda Planner Wire-o 2025 Ateliê Diária A5 Off White,ATELIE,Lançamento,1965
7899866826496,6496,Agenda Planner Wire-o 2025 Ateliê Semanal Anotações A5 Preto,ATELIE,Lançamento,2205
7899866826502,6502,Agenda Planner Wire-o 2025 Ateliê Semanal Notas c/ Divisórias A5 Rosa,ATELIE,Lançamento,1165
7899866826519,6519,"Agenda Planner Wire-o 2025 Pólen Semanal Office 15,5x9 Aromas Azul",POLEN,Lançamento,1300
7899866826526,6526,Agenda Planner Wire-o 2025 Bossa Nova Diária A5 Boemia,BOSSA NOVA,Lançamento,1630
7899866826533,6533,Agenda Planner Wire-o 2025 Kraft Semanal Anotações A5 2025,KRAFT,Lançamento,1155
7899866826540,6540,Agenda Planner Wire-o 2025 Kraft Semanal Notas c/ Divisórias A5 Flores Mini,KRAFT,Lançamento,770
7899866826557,6557,"Agenda Planner Wire-o 2025 Melissa Diária 11,5x16 Casinha das Abelhas",MELISSA,Lançamento,1960
7899866826564,6564,Agenda Planner Wire-o 2025 Melissa Semanal Anotações A5 Casa das Abelhas Rosê,MELISSA,Lançamento,2965
7899866826571,6571,Agenda Planner Wire-o 2025 Melissa Semanal Notas c/ Divisórias A5 Casa das Abelhas Lilás,MELISSA,Lançamento,1470
7899866826588,6588,"Agenda Planner Wire-o 2025 Kraft Diária 11,5x16 Linha e Ponto",KRAFT,Lançamento,810
7899866826595,6595,Agenda Planner Wire-o 2025 Melissa Diária A5 Colmeia,MELISSA,Lançamento,1595
7899866826601,6601,Agenda Planner Wire-o 2025 Bossa Nova Semanal Anotações A5 Pontos Off White,BOSSA NOVA,Lançamento,1500
7899866826618,6618,Agenda Planner Wire-o 2025 Bossa Nova Semanal Notas c/ Divisórias A5 Pontos Off White,BOSSA NOVA,Lançamento,810
7899866826625,6625,"Agenda Planner Wire-o 2025 Bossa Nova Semanal Office 15,5x9 Pontos Off White",BOSSA NOVA,Lançamento,1085
7899866826632,6632,"Agenda Planner Wire-o 2025 Bossa Nova Diária 11,5x16 Pontos Off White",BOSSA NOVA,Lançamento,1105
7899866826649,6649,"Agenda Planner Wire-o 2025 Melissa Semanal Office 15,5x9 Casinha das Abelhas",MELISSA,Lançamento,1345
7899866826656,6656,"Agenda Planner Wire-o 2025 Pólen Diária 11,5x16 Aromas Amarelo",POLEN,Lançamento,1048
7899866826663,6663,Agenda Planner Wire-o 2025 Pólen Diária A5 Aromas Azul,POLEN,Lançamento,1895
7899866826670,6670,Agenda Planner Wire-o 2025 Pólen Semanal Anotações A5 Aromas Amarelo,POLEN,Lançamento,1935
7899866826687,6687,Agenda Planner Wire-o 2025 Pólen Semanal Notas c/ Divisórias A5 Aromas Off White,POLEN,Lançamento,1220
7899866826694,6694,"Agenda Planner Wire-o 2025 Bossa Nova Semanal Office 15,5x9 Boemia",BOSSA NOVA,Lançamento,1255
7898925922544,2544,Bloco Kraft Sem Pauta - 14x21 Kraft,KRAFT,Ativo,2875
7899866820432,0432,Bloco Kraft Sem Pauta - 21x28 Kraft,KRAFT,Ativo,1160
7898925922520,2520,Bloco Kraft Sem Pauta - 9x13 Kraft,KRAFT,Ativo,2275
7899866826700,6700,Bloco Wire-o Astral Pautado 12x20 Eclipse Preto,ASTRAL,Lançamento,1005
7899866825499,5499,Bloco Wire-o Bossa Nova Pautado 12x20 Boemia,BOSSA NOVA,Ativo,995
7899866821118,1118,Bloco Wire-o Clássica Pautado 12x20 Caramelo,CLASSICA,Ativo,960
7899866823372,3372,Bloco Wire-o Clássica Pautado 12x20 Verde Oliva,CLASSICA,Ativo,1075
7899866823389,3389,Bloco Wire-o Clássica Pautado 12x20 Vermelho Quente,CLASSICA,Ativo,910
7899866826717,6717,Bloco Wire-o Ateliê Pautado 12x20 Off White,ATELIE,Lançamento,1195
7899866826724,6724,Bloco Wire-o Melissa Pautado 12x20 Casinha das Abelhas,MELISSA,Lançamento,1150
7899866826731,6731,Bloco Wire-o Clássica Pautado 12x20 Preta,CLASSICA,Lançamento,1155
7899866826748,6748,Bloco Wire-o Pólen Pautado 12x20 Aromas Azul,POLEN,Lançamento,895
7899866826755,6755,Caderneta Ciceros Astral Pautado 14x21 Eclipse Preto,ASTRAL,Lançamento,1095
7899866826762,6762,Caderneta Ciceros Astral Pontado 14x21 Maré Azul,ASTRAL,Lançamento,1335
7899866825505,5505,Caderneta Ciceros Bossa Nova Pautado 14x21 Boemia,BOSSA NOVA,Ativo,810
7899866823327,3327,Caderneta Ciceros Clássica Miolo Tri 14x21 Caramelo,CLASSICA,Ativo,990
7899866823310,3310,Caderneta Ciceros Clássica Miolo Tri 14x21 Preta,CLASSICA,Ativo,1135
7899866806726,6726,Caderneta Ciceros Clássica Pastel Pontado 14x21 Azul Pastel,CLASSICA,Ativo,1390
7899866806719,6719,Caderneta Ciceros Clássica Pastel Pontado 14x21 Rosa Pastel,CLASSICA,Ativo,1005
7898516461919,1919,Caderneta Ciceros Clássica Pautado 14x21 Azul Marinho / Amarelo / Amarelo,CLASSICA,Ativo,1035
7899866818842,8842,Caderneta Ciceros Clássica Pautado 14x21 Café,CLASSICA,Ativo,1460
7899866820838,0838,Caderneta Ciceros Clássica Pautado 14x21 Caramelo,CLASSICA,Ativo,1155
7898925922773,2773,Caderneta Ciceros Clássica Pautado 14x21 Preto / Preto / Preto,CLASSICA,Ativo,2165
7899866823457,3457,Caderneta Ciceros Clássica Pautado 14x21 Vermelho Quente,CLASSICA,Ativo,1205
7898544676736,6736,Caderneta Ciceros Clássica Pontado 14X21 Preto / Preto / Preto,CLASSICA,Ativo,4475
7899866823303,3303,Caderneta Ciceros Clássica Quadriculado 14x21 Azul Pastel,CLASSICA,Ativo,475
7899866823280,3280,Caderneta Ciceros Clássica Quadriculado 14x21 Caramelo,CLASSICA,Ativo,785
7899866823273,3273,Caderneta Ciceros Clássica Quadriculado 14x21 Preta,CLASSICA,Ativo,770
7898516461865,1865,Caderneta Ciceros Clássica Sem Pauta 14x21 Azul Marinho / Amarelo / Amarelo,CLASSICA,Ativo,1055
7898516461827,1827,Caderneta Ciceros Clássica Sem Pauta 14x21 Preto / Preto / Preto,CLASSICA,Ativo,1770
7898516461834,1834,Caderneta Ciceros Clássica Sem Pauta 14x21 Preto / Vermelho / Vermelho,CLASSICA,Ativo,935
7899866823334,3334,Caderneta Ciceros Clássica Sem Pauta 14x21 Verde Oliva,CLASSICA,Ativo,1475
7899866826779,6779,Caderneta Ciceros Clássica Pautado 14x21 Verde Oliva,CLASSICA,Lançamento,1525
7899866823440,3440,Caderneta Ciceros Clássica Sem Pauta 14x21 Vermelho Quente,CLASSICA,Ativo,1220
7899866808638,8638,Caderneta Ciceros Clássica Sem Pauta 9x13 Azul Pastel,CLASSICA,Ativo,755
7898516461407,1407,Caderneta Ciceros Clássica Sem Pauta 9x13 Preto / Preto / Preto,CLASSICA,Ativo,1280
7899866808621,8621,Caderneta Ciceros Clássica Sem Pauta 9x13 Rosa Pastel,CLASSICA,Ativo,960
7899866823341,3341,Caderneta Ciceros Clássica Sem Pauta 9x13 Verde Oliva,CLASSICA,Ativo,1255
7899866823433,3433,Caderneta Ciceros Clássica Sem Pauta 9x13 Vermelho Quente,CLASSICA,Ativo,1110
7898925923220,3220,Caderneta Ciceros Flex Clássica Pautado 14x21 Preto / Preto / Preto,CLASSICA,Ativo,1050
7899866801127,1127,Caderneta Ciceros Flex Clássica Pautado 14x21 Vermelho / Vermelho / Vermelho,CLASSICA,Ativo,625
7898925923206,3206,Caderneta Ciceros Flex Clássica Sem Pauta 14x21 Preto / Preto / Preto,CLASSICA,Ativo,915
7899866801110,1110,Caderneta Ciceros Flex Clássica Sem Pauta 14x21 Vermelho / Vermelho / Vermelho,CLASSICA,Ativo,545
7899866826786,6786,Caderneta Ciceros Ateliê Miolo Tri 14x21 Preto,ATELIE,Lançamento,920
7899866826793,6793,Caderneta Ciceros Ateliê Pautado 14x21 Rosa,ATELIE,Lançamento,1290
7899866826809,6809,Caderneta Ciceros Ateliê Sem Pauta 14x21 Off White,ATELIE,Lançamento,1210
7899866826816,6816,Caderneta Ciceros Kraft Pautado 14x21 Linha e Ponto,KRAFT,Lançamento,605
7899866826823,6823,Caderneta Ciceros Kraft Sem Pauta 14x21 Flores Mini,KRAFT,Lançamento,905
7899866826830,6830,Caderneta Ciceros Melissa Miolo Tri 14x21 Casa das Abelhas Rosê,MELISSA,Lançamento,965
7899866824027,4027,Caderneta Ciceros Melissa Sem Pauta 14x21 Caminho das Abelhas,MELISSA,Ativo,1615
7899866813106,3106,Caderneta Ciceros Minerais Pontado 14x21 Mármore Branco,MINERAIS,Ultimas Unidades,820
7899866826847,6847,Caderneta Ciceros Bossa Nova Miolo Tri 14x21 Pontos Off White,BOSSA NOVA,Lançamento,880
7899866826854,6854,Caderneta Ciceros Melissa Pontado 14x21 Casinha das Abelhas,MELISSA,Lançamento,1110
7899866826861,6861,Caderneta Ciceros Astral Sem Pauta 14x21 Maré Off White,ASTRAL,Lançamento,905
7899866826878,6878,Caderneta Ciceros Melissa Pautado 14x21 Favo de Abelhas,MELISSA,Lançamento,1135
7899866826885,6885,Caderneta Ciceros Bossa Nova Sem Pauta 14x21 Pontos Azul,BOSSA NOVA,Lançamento,810
7899866826892,6892,Caderneta Ciceros Pólen Miolo Tri 14x21 Aromas Azul,POLEN,Lançamento,905
7899866826908,6908,Caderneta Ciceros Pólen Pautado 14x21 Aromas Off White,POLEN,Lançamento,1065
7899866826915,6915,Caderneta Ciceros Pólen Sem Pauta 14x21 Aromas Amarelo,POLEN,Lançamento,1020
7898925923602,3602,Caderneta Kraft Pautado 14x21 Kraft,KRAFT,Ativo,2405
7898925922605,2605,Caderneta Kraft Sem Pauta 14x21 Kraft,KRAFT,Ativo,3820
7898925922537,2537,Caderneta Kraft Sem Pauta 9x13 Kraft,KRAFT,Ativo,2980
7899866822986,2986,Caderneta Meu Pequeno Ciceros Astral Pautado 14X21 Aquário,ASTRAL,Ativo,745
7899866823075,3075,Caderneta Meu Pequeno Ciceros Astral Pautado 14X21 Escorpião,ASTRAL,Ativo,745
7899866823044,3044,Caderneta Meu Pequeno Ciceros Astral Pautado 14X21 Leão,ASTRAL,Ativo,730
7899866823013,3013,Caderneta Meu Pequeno Ciceros Astral Pautado 14X21 Touro,ASTRAL,Ativo,730
7899866823020,3020,Caderneta Meu Pequeno Ciceros Astral Pontado 14X21 Gêmeos,ASTRAL,Ativo,705
7899866822993,2993,Caderneta Meu Pequeno Ciceros Astral Pontado 14X21 Peixes,ASTRAL,Ativo,780
7899866823082,3082,Caderneta Meu Pequeno Ciceros Astral Pontado 14X21 Sagitário,ASTRAL,Ativo,765
7899866823051,3051,Caderneta Meu Pequeno Ciceros Astral Pontado 14X21 Virgem,ASTRAL,Ativo,710
7899866823006,3006,Caderneta Meu Pequeno Ciceros Astral Sem Pauta 14X21 Ariés,ASTRAL,Ativo,715
7899866823037,3037,Caderneta Meu Pequeno Ciceros Astral Sem Pauta 14X21 Câncer,ASTRAL,Ativo,730
7899866823099,3099,Caderneta Meu Pequeno Ciceros Astral Sem Pauta 14X21 Capricórnio,ASTRAL,Ativo,750
7899866823068,3068,Caderneta Meu Pequeno Ciceros Astral Sem Pauta 14X21 Libra,ASTRAL,Ativo,770
7899866826922,6922,Caderneta Meu Pequeno Ciceros Ateliê Pautado 14x21 Preto,ATELIE,Lançamento,985
7899866826939,6939,Caderneta Meu Pequeno Ciceros Ateliê Sem Pauta 14x21 Off White,ATELIE,Lançamento,1170
7899866826946,6946,Caderneta Meu Pequeno Ciceros Pólen Pautado 14x21 Aromas Azul,POLEN,Lançamento,1025
7899866826953,6953,Caderneta Meu Pequeno Ciceros Pólen Pontado 14x21 Aromas Amarelo,POLEN,Lançamento,1010
7898516460257,0257,Caderneta Revista Básica Sem Pauta Kit 3 unidades 14x21 Kft,KRAFT,Ativo,1200
7898516463050,3050,Caderneta Revista Básica Sem Pauta Kit 3 unidades 9x13 Kft,KRAFT,Ativo,1090
7899866803725,3725,Caderneta Revista Notas Mix Miolos Diferentes Kit 4 unidades 14x21 Kft,KRAFT,Ativo,1285
7899866803732,3732,Caderneta Revista Notas Mix Miolos Diferentes Kit 4 unidades 14x21 Preto,CLASSICA,Ativo,1170
7899866826960,6960,Caderneta Revista Notas Mix Miolos Diferentes Kit 3 unidades 14x21 Melissa,MELISSA,Lançamento,900
7899866826977,6977,Caderno Criativo Argolado Astral Pautado 17x24 Eclipse Preto,ASTRAL,Lançamento,2315
7899866825529,5529,Caderno Criativo Argolado Bossa Nova Pautado 17x24 Boemia,BOSSA NOVA,Ativo,1435
7899866821552,1552,Caderno Criativo Argolado Clássica Pautado 17X24 Azul Pastel,CLASSICA,Ativo,1175
7899866822382,2382,Caderno Criativo Argolado Clássica Pautado 17x24 Caramelo,CLASSICA,Ativo,1745
7899866820555,0555,Caderno Criativo Argolado Clássica Pautado 17x24 Preto,CLASSICA,Ativo,2840
7899866821545,1545,Caderno Criativo Argolado Clássica Pautado 17X24 Rosa Pastel,CLASSICA,Ativo,1140
7899866826984,6984,Caderno Criativo Argolado Ateliê Pautado 17x24 Off White,ATELIE,Lançamento,1655
7899866823945,3945,Caderno Criativo Argolado Kraft Pautado 17x24 Linha e Ponto,KRAFT,Ativo,1365
7899866820609,0609,Caderno Criativo Argolado Melissa Pautado 17x24 Caminho das Abelhas,MELISSA,Ativo,3710
7899866821538,1538,Caderno Criativo Argolado Minerais Pautado 17X24 Branco,MINERAIS,Ultimas Unidades,915
7899866826991,6991,Caderno Criativo Argolado Office Duo Astral Pautado & Pontado A5 Maré Azul,ASTRAL,Lançamento,1830
7899866827004,7004,Caderno Criativo Argolado Office Duo Bossa Nova Pautado & Pontado A5 Pontos Off White,BOSSA NOVA,Lançamento,1110
7899866818835,8835,Caderno Criativo Argolado Office Duo Clássica Pautado & Pontado A5 Café,CLASSICA,Ativo,3855
7899866823396,3396,Caderno Criativo Argolado Office Duo Clássica Pautado & Pontado A5 Preta,CLASSICA,Ativo,1765
7899866823358,3358,Caderno Criativo Argolado Office Duo Clássica Pautado & Pontado A5 Verde Oliva,CLASSICA,Ativo,1875
7899866823365,3365,Caderno Criativo Argolado Office Duo Clássica Pautado & Pontado Vermelho Quente,CLASSICA,Ativo,1650
7899866823402,3402,Caderno Criativo Argolado Office Duo Clássica Pautado& Pontado A6 Caramelo,CLASSICA,Ativo,1030
7899866827011,7011,Caderno Criativo Argolado Office Duo Clássica Pautado & Pontado A6 Verde Oliva,CLASSICA,Lançamento,1100
7899866827028,7028,Caderno Criativo Argolado Office Duo Ateliê Pautado & Pontado A5 Preto,ATELIE,Lançamento,1450
7899866827035,7035,Caderno Criativo Argolado Office Duo Kraft Pautado & Pontado A5 Flores Mini,KRAFT,Lançamento,990
7899866823983,3983,Caderno Criativo Argolado Office Duo Melissa Pautado & Pontado A5 Favo de Abelhas,MELISSA,Ativo,2665
7899866827042,7042,Caderno Criativo Argolado Office Duo Bossa Nova Pautado & Pontado A6 Pontos Off White,BOSSA NOVA,Lançamento,785
7899866827059,7059,Caderno Criativo Argolado Office Duo Melissa Pautado & Pontado A5 Colméia,MELISSA,Lançamento,1745
7899866827066,7066,Caderno Criativo Argolado Office Duo Pólen Pautado & Pontado A5 Aromas Off White,POLEN,Lançamento,1320
7899866827073,7073,Caderno Criativo Argolado Office Duo Pólen Pautado & Pontado A6 Aromas Azul,POLEN,Lançamento,815
7899866827080,7080,Caderno Criativo Argolado Kraft Pautado 17x24 Flores Max,KRAFT,Lançamento,1410
7899866827097,7097,Caderno Criativo Argolado Melissa Pautado 17x24 Casinha das Abelhas,MELISSA,Lançamento,1995
7899866827103,7103,Caderno Criativo Argolado Pólen Pautado 17x24 Aromas Azul,POLEN,Lançamento,1960
7899866827110,7110,Caderno Espiral Astral Pautado 17x24 Eclipse Preto 80 fls,ASTRAL,Lançamento,1830
7899866825543,5543,Caderno Espiral Bossa Nova Pautado 17x24 Boemia 80 fls,BOSSA NOVA,Ativo,1020
7899866827738,7738,Caderno Espiral Kemily Pautado 17x24 Desperte Verde 80 fls,KEMILY,Lançamento,700
7899866821811,1811,Caderno Espiral Clássica Pautado 17x24 Caramelo 80 fls,CLASSICA,Ativo,1840
7899866821804,1804,Caderno Espiral Clássica Pautado 17x24 Preta 80 fls,CLASSICA,Ativo,2355
7899866827141,7141,Caderno Espiral Pólen Pautado 17x24 Aromas Azul 80 fls,POLEN,Lançamento,1975
7899866821873,1873,Caderno Espiral Melissa Pautado 17x24 Colmeia 80 fls,MELISSA,Ativo,3869
7899866827134,7134,Caderno Espiral Melissa Pautado 17x24 Casa das Abelhas Lilás 80 fls,MELISSA,Lançamento,2000
7899866827127,7127,Caderno Espiral Pólen Pautado 17x24 Aromas Off White 80 fls,POLEN,Lançamento,1900
7899866827158,7158,Caderno Espiral Bossa Nova Pautado 17x24 Pontos Off White 80 fls,BOSSA NOVA,Lançamento,1025
7898925922100,2100,Caderno Kraft Pautado 21x28 Kraft,KRAFT,Ativo,1540
7899866803763,3763,Caderno Kraft Pontado 21x28 Kraft,KRAFT,Ativo,1205
7898925922568,2568,Caderno Kraft Sem Pauta 20x20 Kraft,KRAFT,Ativo,3180
7898925922575,2575,Caderno Kraft Sem Pauta 21x28 Kraft,KRAFT,Ativo,2250
7899866827165,7165,Caderno Organizador Astral Pautado & Pontado 17x24 Eclipse Preto,ASTRAL,Lançamento,1765
7899866827172,7172,Caderno Organizador Astral Pautado & Pontado A5 Maré Off White,ASTRAL,Lançamento,1590
7899866825567,5567,Caderno Organizador Bossa Nova Pautado & Pontado A5 Boemia,BOSSA NOVA,Ativo,920
7899866827189,7189,Caderno Organizador Bossa Nova Pautado & Pontado 17x24 Pontos Azul,BOSSA NOVA,Lançamento,910
7899866823181,3181,Caderno Organizador Clássica Pautado & Pontado A5 Caramelo,CLASSICA,Ativo,1495
7899866823129,3129,Caderno Organizador Clássica Pautado & Pontado 17x24 Preta,CLASSICA,Ativo,1560
7899866827196,7196,Caderno Organizador Ateliê Pautado & Pontado A5 Preto,ATELIE,Lançamento,1070
7899866827202,7202,Caderno Organizador Ateliê Pautado & Pontado 17x24 Off White,ATELIE,Lançamento,1135
7899866827356,7356,Planner Permanente Ciceros Caderneta Clássica 14x21 Verde Oliva,CLASSICA,Lançamento,615
7899866827219,7219,Caderno Organizador Clássica Pautado & Pontado A5 Verde Oliva,CLASSICA,Lançamento,1095
7899866823907,3907,Caderno Organizador Kraft Pautado & Pontado 17x24 Linha e Ponto,KRAFT,Ativo,1040
7899866824034,4034,Caderno Organizador Melissa Pautado & Pontado A5 Colméia,MELISSA,Ativo,2460
7899866824003,4003,Caderno Organizador Melissa Pautado & Pontado 17x24 Favo de Abelhas,MELISSA,Ativo,2295
7899866827226,7226,Caderno Organizador Melissa Pautado & Pontado A5 Casa das Abelhas Lilás,MELISSA,Lançamento,1625
7899866827233,7233,Caderno Organizador Melissa Pautado & Pontado 17x24 Casa das Abelhas Rosê,MELISSA,Lançamento,1665
7899866827240,7240,Caderno Organizador Pólen Pautado & Pontado A5 Aromas Amarelo,POLEN,Lançamento,1460
7899866827257,7257,Caderno Organizador Pólen Pautado & Pontado 17x24 Aromas Azul,POLEN,Lançamento,1390
7899866808836,8836,Caderno Wire-o Kraft Pontado 14x21 Kraft,KRAFT,Ativo,7145
7899866827264,7264,Calendário de Mesa 13x15 Ciceros 2025 Bossa Nova,BOSSA NOVA,Lançamento,3381
7899866827271,7271,Calendario de Mesa 13x15 Ciceros 2025 Pólen,POLEN,Lançamento,3485
7899866827288,7288,Calendario de Mesa 20x15 Ciceros 2025 Ateliê,ATELIE,Lançamento,2995
7899866827295,7295,Calendario de Mesa 20x15 Ciceros 2025 Bossa Nova,BOSSA NOVA,Lançamento,2650
7899866827301,7301,"Calendario de Mesa 9,5x13 Ciceros 2025 Kraft",KRAFT,Lançamento,2920
7899866827318,7318,Calendario de Parede A3 Ciceros 2025 Astral,ASTRAL,Lançamento,2340
7899866827325,7325,Calendario de Parede A3 Ciceros 2025 Ateliê,ATELIE,Lançamento,2730
7899866827332,7332,Calendario de Parede A3 Ciceros 2025 Kraft,KRAFT,Lançamento,2100
7899866818620,8620,Ficha Pautada Caderno Criativo 50 FLS Offset 180g,REFIL,Ativo,2030
7899866820951,0951,Planner Permamente Ciceros Caderneta Clássica 14x21 Preto,CLASSICA,Ativo,810
7899866827349,7349,Planner Permanente Ciceros Caderneta Astral 14x21 Eclipse Caramelo,ASTRAL,Lançamento,740
7899866827363,7363,Planner Permanente Ciceros Caderneta Ateliê 14x21 Preto,ATELIE,Lançamento,800
7899866827370,7370,Planner Permanente Ciceros Caderneta Melissa 14x21 Casa das Abelhas Rosê,MELISSA,Lançamento,770
7899866827387,7387,Planner Permanente Ciceros Caderneta Kraft 14x21 Flores Mini,KRAFT,Lançamento,635
7899866827394,7394,Planner Permanente Ciceros Caderneta Bossa Nova 14x21 Pontos Azul,BOSSA NOVA,Lançamento,520
7899866827400,7400,Planner Permanente Ciceros Caderneta Pólen 14x21 Aromas Off White,POLEN,Lançamento,755
7899866807198,7198,Planner Permanente Revista Clássica Mensal Planejamento 19x25 Preta,CLASSICA,Ativo,1210
7899866807204,7204,Planner Permanente Revista Clássica Mensal Planejamento 19x25 Vermelha,CLASSICA,Ativo,905
7899866821132,1132,Planner Permanente Revista Planejamento Clássica Mensal19x25 Caramelo,CLASSICA,Ativo,695
7899866827417,7417,Planner Permanente Revista Planejamento Ateliê Mensal 19x25 Off White,ATELIE,Lançamento,840
7899866823921,3921,Planner Permanente Revista Planejamento Kraft Mensal 19x25 Linha e Ponto,KRAFT,Ativo,535
7899866818149,8149,Planner Permanente Revista Planejamento Minerais Mensal 19x25 Mármore Branco,MINERAIS,Ultimas Unidades,550
7899866827424,7424,Planner Permanente Revista Planejamento Bossa Nova Mensal 19x25 Boemia,BOSSA NOVA,Lançamento,590
7899866827431,7431,Planner Permanente Revista Planejamento Ateliê Mensal 19x25 Preto,ATELIE,Lançamento,620
7899866827448,7448,Planner Permanente Wire-o Astral Semanal Notas A5 Maré Off White,ASTRAL,Lançamento,2050
7899866825574,5574,Planner Permanente Wire-o Bossa Nova Semanal Notas A5 Boemia,BOSSA NOVA,Ativo,1310
7899866822405,2405,Planner Permanente Wire-o Clássica Financeiro A5 Caramelo,CLASSICA,Ativo,1180
7899866822399,2399,Planner Permanente Wire-o Clássica Financeiro A5 Preta,CLASSICA,Ativo,1000
7899866808973,8973,Planner Permanente Wire-o Clássica Semanal Notas A5 Preto,CLASSICA,Ativo,1865
7899866818866,8866,Planner Permanente Wire-o Clássica Semanal Notas A5 Café,CLASSICA,Ativo,1790
7899866827455,7455,Planner Permanente Wire-o Ateliê Financeiro A5 Rosa,ATELIE,Lançamento,1000
7899866827462,7462,Planner Permanente Wire-o Ateliê Semanal Notas A5 Off White,ATELIE,Lançamento,2190
7899866823952,3952,Planner Permanente Wire-o Kraft Semanal Notas A5 Linha e Ponto,KRAFT,Lançamento,1185
7899866827479,7479,Planner Permanente Wire-o Kraft Semanal Notas A5 Flores Max,KRAFT,Lançamento,1015
7899866824119,4119,Planner Permanente Wire-o Melissa Financeiro A5 Favo de Abelhas,MELISSA,Ativo,1515
7899866820548,0548,Planner Permanente Wire-o Melissa Semanal Notas A5 Colmeia,MELISSA,Ativo,3390
7899866823976,3976,Planner Permanente Wire-o Melissa Semanal Notas A5 Favo de Abelhas,MELISSA,Ativo,3825
7899866813533,3533,Planner Permanente Wire-o Minerais Semanal A5 Mármore Branco,MINERAIS,Ultimas Unidades,1320
7899866827486,7486,Planner Permanente Wire-o Kraft Financeiro A5 Linha e Ponto,KRAFT,Lançamento,660
7899866827493,7493,Planner Permanente Wire-o Clássica Semanal Notas A5 Vermelho Quente,CLASSICA,Ativo,1945
7899866827509,7509,Planner Permanente Wire-o Bossa Nova Financeiro A5 Pontos Azul,BOSSA NOVA,Lançamento,650
7899866810501,0501,Planner Permanente Wire-o Pastel Semanal Notas A5 Azul Pastel,CLASSICA,Ativo,2195
7899866810495,0495,Planner Permanente Wire-o Pastel Semanal Notas A5 Rosa Pastel,CLASSICA,Ativo,3300
7899866827516,7516,Planner Permanente Wire-o Pólen Financeiro A5 Aromas Azul,POLEN,Lançamento,705
7899866827523,7523,Planner Permanente Wire-o Pólen Semanal Notas A5 Aromas Azul,POLEN,Lançamento,2090
7899866818514,8514,Refil Caderno Criativo Argolado 30FLS Kraft 75g Pautado 17x24,REFIL,Ativo,770
7899866809024,9024,Refil Caderno Criativo Argolado 40FLS Offset 90g Pautado 17x24,REFIL,Ativo,6440
7899866809031,9031,Refil Caderno Criativo Argolado 40FLS Offset 90g Pontado 17x24,REFIL,Ativo,1555
7899866809048,9048,Refil Caderno Criativo Argolado 40FLS Offset 90g Quadriculado 17x24,REFIL,Ativo,1225
7899866809055,9055,Refil Caderno Criativo Argolado 40FLS Offset 90g Sem Pauta 17x24,REFIL,Ativo,830
7899866818507,8507,Refil Caderno Criativo Argolado 40FLS Offset Cinza 90g Linhas Brancas 17x24,REFIL,Ativo,915
7899866809062,9062,Refil Caderno Criativo Argolado 40FLS Pólen 80g Pautado 17x24,REFIL,Ativo,16150
7899866825093,5093,Refil Caderno Criativo Argolado 40Fls Pólen 80G Pautado A6,REFIL,Ativo,2020
7899866809079,9079,Refil Caderno Criativo Argolado 40FLS Pólen 80g Pontado 17x24,REFIL,Ativo,3240
7899866825109,5109,Refil Caderno Criativo Argolado 40Fls Pólen 80G Pontado A6,REFIL,Ativo,1130
7899866809086,9086,Refil Caderno Criativo Argolado 40FLS Pólen 80g Quadriculado 17x24,REFIL,Ativo,2290
7899866809093,9093,Refil Caderno Criativo Argolado 40FLS Pólen 80g Sem Pauta 17x24,REFIL,Ativo,1880
7899866809116,9116,Refil Caderno Criativo Argolado 101 FLS Pólen 80g Planner Semanal 17x24,REFIL,Ativo,1315
7899866827530,7530,Refil Caderno Criativo Argolado 88 Fls Pólen 80G Agenda Planner 2025 Semanal 17X24,REFIL,Lançamento,1430
7899866827547,7547,Refil Caderno Criativo Argolado 88 Fls Pólen 80G Agenda Planner 2025 Semanal Journal A5 C/ 12 Divisórias,REFIL,Lançamento,1440
7899866825024,5024,Refil Caderno Criativo Argolado 101 Fls Pólen 80G Planner Permanente Semanal Notas A5 C/ Divisórias,REFIL,Ativo,2050
7899866818590,8590,Refil Caderno Criativo Argolado Office 40FLS Pólen 80g Pautado A5,REFIL,Ativo,9345
7899866818606,8606,Refil Caderno Criativo Argolado Office 40FLS Pólen 80g Pontado A5,REFIL,Ativo,3600
7899866818613,8613,Refil Caderno Criativo Argolado Office 40FLS Pólen 80g Quadriculado A5,REFIL,Ativo,2165
7899866818583,8583,Refil Caderno Criativo Argolado Office 40FLS Pólen 80g Sem Pauta A5,REFIL,Ativo,2000
7899866825079,5079,Refil Caderno Organizador 40 Fls Offset 90g Pautado 17x24,REFIL,Ativo,4810
7899866825048,5048,Refil Caderno Organizador 40 Fls Offset 90g Pautado A5,REFIL,Ativo,3315
7899866825086,5086,Refil Caderno Organizador 40 Fls Offset 90g Pontado 17x24,REFIL,Ativo,1915
7899866825055,5055,Refil Caderno Organizador 40 Fls Offset 90g Pontado A5,REFIL,Ativo,1580
7899866825062,5062,Refil Caderno Organizador 40 Fls Pólen 90g Pautado 17x24,REFIL,Ativo,3115
7899866825031,5031,Refil Caderno Organizador 40 Fls Pólen 90g Pautado A5,REFIL,Ativo,2305
7899866821507,1507,Refil Divisórias c/ Folha de Adesivos Caderno Criativo Argolado 17x24 Colorida,REFIL,Ativo,895
7899866821514,1514,Refil Divisórias c/ Folha de Adesivos Caderno Criativo Argolado 17x24 P&B,REFIL,Ativo,610
7899866827554,7554,Caderno Espiral Astral Pautado 17x24 Maré Azul 160 fls,ASTRAL,Lançamento,1410
7899866827561,7561,Caderno Espiral Clássica Pautado 17x24 Preta 160 fls,CLASSICA,Lançamento,1440
7899866827578,7578,Caderno Espiral Melissa Pautado 17x24 Caminho das Abelhas 160 fls,MELISSA,Lançamento,2039
7899866827585,7585,Caderno Espiral Melissa Pautado 17x24 Casinha das Abelhas 160 fls,MELISSA,Lançamento,1839
7899866827592,7592,Caderno Espiral Pólen Pautado 17x24 Aromas Azul 160 fls,POLEN,Lançamento,1400
7899866827615,7615,Caderno Espiral Astral Pautado 20x28 Maré Off White 80 fls,ASTRAL,Lançamento,1310
7899866827622,7622,Caderno Espiral Clássica Pautado 20x28 Preta 80 fls,CLASSICA,Lançamento,1240
7899866827639,7639,Caderno Espiral Kemily Pautado 20x28 Organize Caramelo 80 fls,KEMILY,Lançamento,650
7899866827646,7646,Caderno Espiral Melissa Pautado 20x28 Casa das Abelhas Rosê 80 fls,MELISSA,Lançamento,1889
7899866827653,7653,Caderno Espiral Melissa Pautado 20x28 Favo de Abelhas 80 fls,MELISSA,Lançamento,2189
7899866827660,7660,Caderno Espiral Pólen Pautado 20x28 Aromas Azul 80 fls,POLEN,Lançamento,1190
7899866827677,7677,Caderno Espiral Astral Pautado 20x28 Eclipse Preto 160 fls,ASTRAL,Lançamento,1330
7899866827684,7684,Caderno Espiral Kemily Pautado 20x28 Organize Off White160 fls,KEMILY,Lançamento,610
7899866827691,7691,Caderno Espiral Melissa Pautado 20x28 Colmeia 160 fls,MELISSA,Lançamento,1939
7899866827707,7707,Caderno Espiral Melissa Pautado 20x28 Casa das Abelhas Lilás 160 fls,MELISSA,Lançamento,1739
7899866827714,7714,Caderno Espiral Pólen Pautado 20x28 Aromas Off White 160 fls,POLEN,Lançamento,1240
7899866827721,7721,Caderno Espiral Bossa Nova Pautado 20x28 Pontos Azul 160 fls,BOSSA NOVA,Lançamento,865
7899866827769,7769,Caderno Espiral Kemily Pautado 17x24 Desperte Off White 160 fls,KEMILY,Lançamento,750
7899866827776,7776,Caderneta Ciceros Kemily Pautado 14x21 Desperte Off White,KEMILY,Lançamento,710
7899866827783,7783,Caderneta Ciceros Kemily Miolo Tri 14x21 Organize Verde,KEMILY,Lançamento,620
7899866827813,7813,Livro Álbum Argoladodo Bebê 18x24 Cicero® & Fábula,FABULA,Lançamento,1200
7899866827820,7820,Cartões de Mesversário do Bebê 10x15 Cicero® & Fábula ,FABULA,Lançamento,400
7899866827837,7837,Bloco de Desenho Wire-o Sem Pauta  21x28 Cicero® & Fábula,FABULA,Lançamento,700