TRABALHO,QUANTIDADE,ID,COLECAO,SERVICO_GERAL,NF_REFERENCIA,DATA,PRECO_TOTAL,PRECO_UNIT
DIVISÓRIAS FICHÁRIO 17X24 4/4,17896,ITEM 55,,DIVISÓRIAS,2430,18/03/2023,6925.75,0.39
MIOLO KIT PLANNER WIRE-O,10140,ITEM 50,,MIOLOS,2467,25/04/2023,9075.30,0.90
ADESIVOS ORGANIZADOR A5 PLANNER E FICHÁRIO),28000,,,ADESIVOS,2542,17/08/2023,12320,0.44
CALENDARIO DE MESA KRAFT,2550,,DATADOS 2024,MIOLO + CAPA,2543,21/08/2023,5610,2.20
REFIL PLANNER SEMANAL NOTAS,1650,,,MIOLOS,2545,21/08/2023,1089,0.66
DIVISÓRAS MELISSA FICHARIO E CADERNO ORGANIZADOR 17X24,9000,,,DIVISÓRIAS,2547,23/08/2023,18104.29,2.01
LAMINA INFORMATIVA CADERNO ORGANIZADOR A5,11200,,,LAMINA INFORMATIVA,2550,30/08/2023,2163.80,0.19
DIVISÓRIAS A5 4/4,11010,,,DIVISÓRIAS,2613,11/12/2023,7656.80,0.70
FICHA PAUTADA,1530,,,SEMI-PRONTOS,2620,18/12/2023,4360.50,2.85
CALENDARIO DE MESA POLEN + JOIA NATURAL,5650,,DATADOS 2024,MIOLO + CAPA,2544,21/08/2023,14972.50,2.65
ADESIVO FICHARIO E PLANNER WIRE-O A5,20000,,,ADESIVOS,2555,05/09/2023,8640,0.43
MIOLO FICHÁRIO 17X24,10080,ITEM 52,,MIOLOS,2567,02/10/2023,14313.60,1.42
DIVISÓRIAS PLANNER MELISSA(12 ABAS),4750,,,DIVISÓRIAS,2594,08/11/2023,11970,2.52
MIOLO KIT PLANNER WIRE-O,10000,ITEM 50,,MIOLOS,2511,29/06/2023,22100,2.21
BOLSA A5,25000,,,BOLSA,2518,13/07/2023,1575,0.06
BOLSA A6,10000,,,BOLSA,2519,13/07/2023,950,0.10
BOLSA 17X24,15000,,,BOLSA,2523,17/07/2023,1590,0.11
ADESIVOS MELISSA PLANNER E FICHÁRIO,8000,,,ADESIVOS,2524,17/07/2023,4400,0.55
DIVISÓRIAS MELISSA FICHÁRIO A5 E CADERNO ORGANIZADOR A5,4100,,,DIVISÓRIAS,2528,26/07/2023,4920,1.20
PLANNER BLOCO JOIA NATURAL,1600,,LINHA 2024,SEMI-PRONTOS,2534,03/08/2023,3568,2.23
CALENDARIO DE PAREDE KRAFT,2214,,DATADOS 2024,MIOLO + CAPA,2541,16/08/2023,7749,3.50
MIOLO KIT PLANNER WIRE-O,12000,ITEM 50,,MIOLOS,2583,27/10/2023,26520,2.21
MIOLO CADERNO ORGANIZADOR A5,11000,ITEM 83,,MIOLOS,2585,30/10/2023,15950,1.45
MIOLO CADERNO WIRE-O 17X24 + BOLSA,10000,ITEM 61,,MIOLO + BOLSA,2593,08/11/2023,17200,1.72
DIVISÓRIAS FICHÁRIO 17X24 4/4,20000,ITEM 55,,DIVISÓRIAS,2600,22/11/2023,16800,0.84
MIOLO CADERNO WIRE-O 17X24 + BOLSA,5000,ITEM 61,,MIOLO + BOLSA,2367,03/01/2023,3725,0.75
DIVISÓRIAS PLANNER 4/4(12 ABAS),6000,,,DIVISÓRIAS,2368,03/01/2023,3888,0.65
MIOLO KIT PLANNER WIRE-O,10000,ITEM 50,,MIOLOS,2384,17/01/2023,8750,0.88
ADESIVOS MELISSA PLANNER E FICHÁRIO,2000,,,ADESIVOS,2389,24/01/2023,950,0.48
DIVISÓRIAS FICHÁRIO 17X24 MELISSA,1375,,,DIVISÓRIAS,2392,01/02/2023,4867.50,3.54
MIOLO FICHÁRIO 17X24,12024,ITEM 52,,MIOLOS,2399,07/02/2023,6673.32,0.56
MIOLO CADERNO WIRE-O 17X24 + BOLSA,5108,ITEM 61,,MIOLO + BOLSA,2400,09/02/2023,3805.46,0.75
DIVISÓRIAS A5 4/4,7300,,,DIVISÓRIAS,2402,09/02/2023,2774,0.38
DIVISÓRIAS PLANNER MELISSA(12 ABAS),1300,,,DIVISÓRIAS,2403,09/02/2023,3618.50,2.78
DIVISÓRIAS PLANNER 4/4(12 ABAS),6000,ITEM 58,,DIVISÓRIAS,2427,07/03/2023,4320,0.72
REFIL LINHAS BRANCAS,1132,8507,,SEMI-PRONTOS,2428,08/03/2023,718.82,0.64
REFIL POLEN PAUTADO 17X24,8800,9062,,SEMI-PRONTOS,2432,14/03/2023,4180,0.48
FICHA PAUTADA,1500,,,SEMI-PRONTOS,2435,15/03/2023,1912.50,1.28
REFIL PLANNER 17X24,2028,9116,,SEMI-PRONTOS,2436,15/03/2023,3650.40,1.80
DIVISÓRIAS PLANNER 1/1(12 ABAS),4000,ITEM 59,,DIVISÓRIAS,2450,05/04/2023,2640,0.66
MIOLO FICHÁRIO 17X24,10000,ITEM 52,,MIOLOS,2476,02/05/2023,6250,0.63
ADESIVO FICHARIO E PLANNER WIRE-O A5,20000,,,ADESIVOS,2484,18/05/2023,9000,0.45
DIVISÓRIAS PLANNER 1/1(12 ABAS),4000,ITEM 59,,DIVISÓRIAS,2516,12/07/2023,5952,1.49
DIVISÓRIAS PLANNER 4/4(12 ABAS),6000,ITEM 58,,DIVISÓRIAS,2517,12/07/2023,9936,1.66
CALENDARIO DE MESA POLEN,6800,,DATADOS 2024,MIOLO + CAPA,2522,17/07/2023,14824,2.18
REVISTAS 9X13,10000,,PERSONALIZADO,CAPAS,2526,24/07/2023,2900,0.29
PLANNER BLOCO PASSAROS,2100,,LINHA 2024,SEMI-PRONTOS,2531,02/08/2023,4284,2.04
PLANNER BLOCO PASSAROS,1600,,LINHA 2024,SEMI-PRONTOS,2536,07/08/2023,3920,2.45
PLANNER BLOCO JOIA NATURAL,1400,,LINHA 2024,SEMI-PRONTOS,2537,07/08/2023,3584,2.56
CALENDARIO DE PAREDE JOIA NATURAL + ASTRAL,5300,,DATADOS 2024,MIOLO + CAPA,2538,10/08/2023,19345,3.65
BOLSA A5,25000,,,BOLSA,2576,24/10/2023,1575,0.06
BOLSA 17X24,15000,,,BOLSA,2576,24/10/2023,1590,0.11
ADESIVO CADERNO ORGANIZADOR A5 E 17X24,14000,,,ADESIVOS,2598,21/11/2023,6300,0.45
REFIL LINHAS BRANCAS,1240,8507,,SEMI-PRONTOS,2603,28/11/2023,1736,1.40
DIVISÓRIAS FICHÁRIO 17X24 1/1,24500,ITEM 56,,DIVISÓRIAS,2605,30/11/2023,20139,0.82
DIVISÓRIAS PLANNER PERSONALIZADA(12 ABAS),2400,,PERSONALIZADO,DIVISÓRIAS,2606,30/11/2023,6480,2.70
BOLSA A5 PERSONALIZADA,200,,PERSONALIZADO,BOLSA,2606,30/11/2023,1208,6.04
MIOLO CADERNO ORGANIZADOR 17X24,14000,ITEM 84,,MIOLOS,2621,19/12/2023,27160,1.94
DIVISÓRIAS MELISSA AGENDA FICHÁRIO A5,1500,,,DIVISÓRIAS,2625,22/12/2023,6405,4.27
CAPAS PERSONALIZADO,100,,PERSONALIZADO,CAPAS,2656,23/01/2024,1400,14.00
CAPAS PERSONALIZADO,500,,PERSONALIZADO,CAPAS,2657,23/01/2024,1330,2.66
DIVISÓRIAS PLANNER 1/1(12 ABAS),4000,ITEM 59,,DIVISÓRIAS,2660,25/01/2024,5952,1.49
DIVISÓRIAS PLANNER 4/4(12 ABAS),6000,ITEM 58,,DIVISÓRIAS,2661,25/01/2024,9936,1.66
CHAPA JAN 24.01,1200,,FRESCOR,CAPAS,2663,26/01/2024,1470,1.23
CHAPA JAN 24.02,2300,,FRESCOR,CAPAS,2663,26/01/2024,1750,0.76
CHAPA JAN 24.03,2300,,FRESCOR,CAPAS,2663,26/01/2024,1750,0.76
CHAPA JAN 24.04,2800,,FRESCOR,CAPAS,2663,26/01/2024,1890,0.68
CHAPA JAN 24.05,1200,,FRESCOR,CAPAS,2663,26/01/2024,1470,1.23
CHAPA JAN 24.06,1000,,MELISSA,CAPAS,2668,31/01/2024,1330,1.33
CHAPA JAN 24.07,1000,,MELISSA,CAPAS,2668,31/01/2024,1330,1.33
CHAPA JAN 24.08,1000,,MELISSA,CAPAS,2668,31/01/2024,1330,1.33
MIOLO FICHÁRIO 17X24,10000,ITEM 52,,MIOLOS,2673,02/02/2024,14200,1.42
BOLSA A5,15000,,,BOLSA,2674,02/02/2024,1650,0.11
BOLSA 17X24,25000,,,BOLSA,2674,02/02/2024,1625,0.07
CINTAS COLEÇÃO FRESCOR,720,,FRESCOR,CINTAS,2679,06/02/2024,1030,1.43
DIVISÓRIAS FICHÁRIO PERSONALIZADA(4 ABAS),160,,PERSONALIZADO,DIVISÓRIAS,2685,07/02/2024,3520,22.00
LAMINA INFORMATIVA CADERNO ORGANIZADOR A5,11200,,,LAMINA INFORMATIVA,2689,19/02/2024,1064,0.10
LAMINA INFORMATIVA CADERNO ORGANIZADOR 17X24,13700,,,LAMINA INFORMATIVA,2689,19/02/2024,1274.10,0.09
ADESIVO FICHARIO E PLANNER WIRE-O A5,20000,,,ADESIVOS,2691,20/02/2024,8980,0.45
ADESIVO MELISSA FICHARIO E PLANNER WIRE-O A5,8000,,,ADESIVOS,2692,20/02/2024,4400,0.55
REGUA DO CADERNO ORGANIZADOR A5 E 17X24,1000,,,REGUA,2698,26/02/2024,1030,1.03
MIOLO FICHÁRIO A5,10070,ITEM 86,,MIOLOS,2712,04/03/2024,13091,1.30
ADESIVO CADERNO ORGANIZADOR A5 E 17X24,14000,,,ADESIVOS,2713,04/03/2024,6650,0.48
MARCA PAGINA,10000,,,MARCA PAGINA,2714,04/03/2024,1800,0.18
CHAPA 82,600,,FRESCOR,CAPAS,2717,07/03/2024,1330,2.22
CHAPA MELISSA MAR.24,1000,,MELISSA,CAPAS,2718,07/03/2024,1330,1.33
CHAPA MELISSA MAR.24,1000,,MELISSA,CAPAS,2718,07/03/2024,1330,1.33
CHAPA MELISSA MAR.24,1000,,MELISSA,CAPAS,2718,07/03/2024,1330,1.33
DIVISÓRIAS MELISSA FICHÁRIO A5 E CADERNO ORGANIZADOR A5,4340,,,DIVISÓRIAS,2722,11/03/2024,5381.60,1.24
NOTAS MIX PRETO,1000,,,CAPAS,2726,13/03/2024,1030,1.03
CAPAS PERSONALIZADO,1100,,PERSONALIZADO,CAPAS,2726,13/03/2024,1080,0.98
CAPAS PERSONALIZADO,550,,PERSONALIZADO,CAPAS,2726,13/03/2024,1030,1.87
CHAPA MELISSA MAR.24,1000,,LINHA 2024,CAPAS,2726,13/03/2024,1330,1.33
CHAPA MEU PEQUENO CICERO,250,,LINHA 2024,CAPAS,2726,13/03/2024,380,1.52
DIVISÓRIAS PERSONALIZADO,3250,,PERSONALIZADO,DIVISÓRIAS,2731,15/03/2024,3705,1.14
ADESIVOS PERSONALIZADO,250,,PERSONALIZADO,ADESIVOS,2732,15/03/2024,1665,6.66
ADESIVOS PERSONALIZADO,110,,PERSONALIZADO,ADESIVOS,2733,19/03/2024,1661,15.10
MIOLO CADERNO WIRE-O 17X24 + BOLSA,10000,ITEM 61,,MIOLO + BOLSA,2739,27/03/2024,17200,1.72
MIOLO KIT PLANNER WIRE-O,10000,ITEM 50,,MIOLOS,2740,27/03/2024,22100,2.21
CAPAS CADERNO DO BEBE,1500,,BEBE 2024,CAPAS,2741,27/03/2024,1470,0.98
LUVAS  CADERNO DO BEBE,5000,,BEBE 2024,LUVAS,2741,27/03/2024,2450,0.49
CINTAS CADERNO DO BEBE,580,,BEBE 2024,CINTAS,2741,27/03/2024,1030,1.78
MIOLO CADERNO ORGANIZADOR A5,7072,ITEM 83,,MIOLOS,2792,25/04/2024,11103.44,1.57
DIVISÓRIAS A5 4/4,10936,,,DIVISÓRIAS,2804,14/05/2024,7830.18,0.72
CAPAS PERSONALIZADO,550,,PERSONALIZADO,CAPAS,2809,16/05/2024,1030,1.87
CINTAS REFIL,1100,,,CINTAS,2820,29/05/2024,1080,0.98
A1,1300,,LINHA 2025,CAPAS,2828,13/06/2024,1470,1.13
A2,2400,,LINHA 2025,CAPAS,2828,13/06/2024,1750,0.73
A3,1700,,LINHA 2025,CAPAS,2828,13/06/2024,1600,0.94
A7,1800,,LINHA 2025,CAPAS,2828,13/06/2024,1600,0.89
B1,1500,,LINHA 2025,CAPAS,2828,13/06/2024,1470,0.98
BOLSA A6,10200,,,BOLSA,2830,13/06/2024,999.6,0.10
BOLSA A5,25300,,,BOLSA,2830,13/06/2024,1644.50,0.07
DIVISÓRIAS PLANNER MELISSA(12 ABAS),4838,,,DIVISÓRIAS,2831,14/06/2024,12191.76,2.52
A4,1600,,DATADOS 2025,CAPAS,2832,17/06/2024,1600,1.00
A5,2200,,DATADOS 2025,CAPAS,2832,17/06/2024,1750,0.80
A6,2500,,DATADOS 2025,CAPAS,2832,17/06/2024,1750,0.70
A8,1300,,LINHA 2025,CAPAS,2832,17/06/2024,1470,1.13
A9,1300,,LINHA 2025,CAPAS,2832,17/06/2024,1470,1.13
A0,1500,,DATADOS 2025,CAPAS,2832,17/06/2024,1470,0.98
B2,1400,,DATADOS 2025,CAPAS,2832,17/06/2024,1470,1.05
B3,2400,,LINHA 2025,CAPAS,2832,17/06/2024,1750,0.73
B4,2500,,LINHA 2025,CAPAS,2832,17/06/2024,1750,0.70
B5,2400,,LINHA 2025,CAPAS,2832,17/06/2024,1750,0.73
B6,1500,,LINHA 2025,CAPAS,2832,17/06/2024,1470,0.98
B7,2000,,LINHA 2025,CAPAS,2832,17/06/2024,1600,0.80
B8,1900,,LINHA 2025,CAPAS,2834,18/06/2024,1600,0.84
B9,2500,,LINHA 2025,CAPAS,2834,18/06/2024,1750,0.70
B0,1500,,LINHA 2025,CAPAS,2834,18/06/2024,1740,1.16
C1,2000,,LINHA 2025,CAPAS,2834,18/06/2024,1600,0.80
C2,1500,,LINHA 2025,CAPAS,2834,18/06/2024,1470,0.98
CAPAS PERSONALIZADO,850,,PERSONALIZADO,CAPAS,2836,21/06/2024,1030,1.21
C3,2300,,LINHA 2025,CAPAS,2836,21/06/2024,1750,0.76
C4,3400,,LINHA 2025,CAPAS,2836,21/06/2024,1995,0.59
C5,1300,,LINHA 2025,CAPAS,2836,21/06/2024,1470,1.13
C6,2000,,LINHA 2025,CAPAS,2836,21/06/2024,1600,0.80
C7,2000,,LINHA 2025,CAPAS,2836,21/06/2024,1600,0.80
C8,1700,,LINHA 2025,CAPAS,2836,21/06/2024,1600,0.94
C9,3000,,LINHA 2025,CAPAS,2836,21/06/2024,1890,0.63
C0,1700,,LINHA 2025,CAPAS,2836,21/06/2024,1600,0.94
D1,1500,,LINHA 2025,CAPAS,2836,21/06/2024,1470,0.98
D2,1500,,LINHA 2025,CAPAS,2836,21/06/2024,1470,0.98
ADESIVO CADERNO ORGANIZADOR A5 E 17X24,15000,,,ADESIVOS,2837,24/06/2024,7080,0.47
MIOLO FICHÁRIO 17X24,10000,ITEM 52,,MIOLOS,2840,25/06/2024,15600,1.56
ADESIVOS PERSONALIZADO,370,,PERSONALIZADO,ADESIVOS,2841,26/06/2024,1710,4.62
D3,1500,,LINHA 2025,CAPAS,2842,26/06/2024,1470,0.98
D4,2200,,LINHA 2025,CAPAS,2842,26/06/2024,1750,0.80
D5,1500,,LINHA 2025,CAPAS,2842,26/06/2024,1470,0.98
D6,1200,,LINHA 2025,CAPAS,2842,26/06/2024,1470,1.23
D7,1900,,LINHA 2025,CAPAS,2842,26/06/2024,1600,0.84
D8,1300,,LINHA 2025,CAPAS,2842,26/06/2024,1470,1.13
E1,500,,LINHA 2025,CAPAS,2842,26/06/2024,1330,2.66
E2,800,,LINHA 2025,CAPAS,2842,26/06/2024,1330,1.66
E3,1300,,LINHA 2025,CAPAS,2842,26/06/2024,1080,0.83
E4,1300,,LINHA 2025,CAPAS,2842,26/06/2024,1080,0.83
DIVISÓRIAS PLANNER 4/4(12 ABAS),6640,ITEM 58,,DIVISÓRIAS,2847,01/07/2024,11952,1.80
CINTA COLEÇÃO 2025,1300,,LINHA 2025,CINTAS,2849,04/07/2024,1080,0.83
CINTA COLEÇÃO 2025,1500,,LINHA 2025,CINTAS,2849,04/07/2024,1080,0.72
CINTA COLEÇÃO 2025,1000,,LINHA 2025,CINTAS,2849,04/07/2024,1030,1.03
CALENDARIO DE MESA,6265,,DATADOS 2025,MIOLO + CAPA,2850,04/07/2024,16289,2.60
D9,1400,,LINHA 2025,CAPAS,2855,09/07/2024,1470,1.05
D0,1000,,LINHA 2025,CAPAS,2855,09/07/2024,1330,1.33
E5,1500,,LINHA 2025,CAPAS,2855,09/07/2024,1470,0.98
E6,1200,,LINHA 2025,CAPAS,2855,09/07/2024,1470,1.23
ADESIVOS MELISSA CADERNO ORGANIZADOR A5 E 17X24,15000,,,ADESIVOS,2856,10/07/2024,7080,0.47
MIOLO KIT PLANNER WIRE-O,10000,ITEM 50,,MIOLOS,2858,10/07/2024,23400,2.34
DIVISÓRIAS MELISSA FICHÁRIO A 17X24,4500,,,DIVISÓRIAS,2862,16/07/2024,15660,3.48
ADESIVO FICHARIO E PLANNER WIRE-O A5,20000,,,ADESIVOS,2863,17/07/2024,9340,0.47
C4,1400,,LINHA 2025,CINTAS,2864,18/07/2024,1350,0.96
C5,1300,,LINHA 2025,CINTAS,2864,18/07/2024,1080,0.83
C6,1500,,LINHA 2025,CINTAS,2864,18/07/2024,1080,0.72
C7,1300,,LINHA 2025,CINTAS,2864,18/07/2024,1080,0.83
C8,1500,,LINHA 2025,CINTAS,2864,18/07/2024,1080,0.72
C9,1200,,LINHA 2025,CAPAS,2864,18/07/2024,1080,0.90
S1,1500,,LINHA 2025,CINTAS,2864,18/07/2024,1080,0.72
S2,1300,,LINHA 2025,CINTAS,2864,18/07/2024,1080,0.83
CALENDARIO DE PAREDE,2350,,DATADOS 2025,MIOLO + CAPA,2865,19/07/2024,9635,4.10
CINTA DO BEBE,520,,BEBE 2024,CINTAS,2869,24/07/2024,1030,1.98
CAPA DO BEBE,1350,,BEBE 2024,CAPAS,2869,24/07/2024,1470,1.09
LUVA DO BEBE,2700,,BEBE 2024,LUVAS,2869,24/07/2024,2160,0.80
REGUA CADERNO ORGANIZADOR,1000,,,REGUA,2869,24/07/2024,1030,1.03
DIVISÓRIAS A5 4/4,11265,,,DIVISÓRIAS,2866,22/07/2024,8065.74,0.72
DIVISÓRIAS FICHÁRIO 17X24 1/1,15900,ITEM 56,,DIVISÓRIAS,2873,01/08/2024,15454.80,0.97
DIVISÓRIAS FICHÁRIO 17X24 4/4,20000,ITEM 55,,DIVISÓRIAS,2874,01/08/2024,17880,0.89
BOLSA 17X24,15550,,,BOLSA,2876,01/08/2024,1710.50,0.11
E9,1500,,LINHA 2025,CAPAS,2877,02/08/2024,1470,0.98
F0,3300,,LINHA 2025,CAPAS,2877,02/08/2024,1995,0.60
F1,3200,,LINHA 2025,CAPAS,2877,02/08/2024,1995,0.62
F2,3000,,LINHA 2025,CAPAS,2877,02/08/2024,1890,0.63
F3,2300,,LINHA 2025,CAPAS,2877,02/08/2024,1750,0.76
F4,1500,,LINHA 2025,CAPAS,2882,07/08/2024,1470,0.98
F5,1800,,LINHA 2025,CAPAS,2882,07/08/2024,1600,0.89
F6,2100,,LINHA 2025,CAPAS,2882,07/08/2024,1750,0.83
F7,1500,,LINHA 2025,CAPAS,2882,07/08/2024,1470,0.98
F8,2000,,LINHA 2025,CAPAS,2885,09/08/2024,1600,0.80
F9,1000,,LINHA 2025,CAPAS,2885,09/08/2024,1330,1.33
G0,1000,,LINHA 2025,CAPAS,2885,09/08/2024,1330,1.33
G1,1500,,LINHA 2025,CAPAS,2885,09/08/2024,1470,0.98
CAPAS PERSONALIZADO,480,,PERSONALIZADO,CAPAS,2885,09/08/2024,1330,2.77
CAPAS PERSONALIZADO,650,,PERSONALIZADO,CAPAS,2885,09/08/2024,1330,2.05
MIOLO CADERNO ORGANIZADOR 17X24,7060,ITEM 84,,MIOLOS,2888,12/08/2024,14614.20,2.07
ADESIVOS PERSONALIZADO,700,,PERSONALIZADO,ADESIVOS,2889,12/08/2024,2080,2.97
C11,2000,,LINHA 2025,CINTAS,2891,13/08/2024,1140,0.57
C12,1800,,LINHA 2025,CINTAS,2891,13/08/2024,1140,0.63
MIOLO FICHÁRIO A5,10050,ITEM 86,,MIOLOS,2892,13/08/2024,13768.50,1.37
C13,2000,,LINHA 2025,CINTAS,2895,15/08/2024,1140,0.57
CALENDARIO DE MESA,7295,,DATADOS 2025,MIOLO + CAPA,2897,22/08/2024,17508,2.40
CALENDARIO DE PAREDE,5400,,DATADOS 2025,MIOLO + CAPA,2898,22/08/2024,19278,3.57
CALENDARIO DE MESA,3350,,DATADOS 2025,MIOLO + CAPA,2899,22/08/2024,6867.50,2.05
CAPAS PERSONALIZADO,450,,PERSONALIZADO,CAPAS,2900,22/08/2024,1330,2.96
CAPAS PERSONALIZADO,7500,,PERSONALIZADO,CAPAS,2900,22/08/2024,3075,0.41
KIT FABULA,500,,,KIT,2900,22/08/2024,2960,5.92
BOLSA A5,25400,,,BOLSA,2879,05/08/2024,1651,0.07
MIOLO KIT PLANNER WIRE-O,10000,ITEM 50,,MIOLOS,2930,24/09/2024,23400,2.34
CINTA CLÁSSICA 01,1500,,LINHA 2025,CINTAS,2918,13/09/2024,1080,0.72
CINTA CLÁSSICA 02,1000,,LINHA 2025,CINTAS,2918,13/09/2024,1300,1.30
ADESIVOS PERSONALIZADO,14000,,PERSONALIZADO,ADESIVOS,2919,13/09/2024,6650,0.48
BLOCOS PERSONALIZADO,305,,PERSONALIZADO,SEMI-PRONTOS,2923,18/09/2024,2501,8.20
CAPAS PERSONALIZADO,300,,PERSONALIZADO,CAPAS,2924,18/09/2024,1330,4.43
CAPAS PERSONALIZADO,300,,PERSONALIZADO,CAPAS,2924,18/09/2024,1330,4.43
CAPAS PERSONALIZADO,300,,PERSONALIZADO,CAPAS,2924,18/09/2024,1330,4.43
CAPAS PERSONALIZADO,300,,PERSONALIZADO,CAPAS,2924,18/09/2024,1030,3.43
G2,2000,,LINHA 2025,CAPAS,2925,18/09/2024,1600,0.80
G3,2500,,LINHA 2025,CAPAS,2925,18/09/2024,1750,0.70
G4,2000,,LINHA 2025,CAPAS,2925,18/09/2024,1600,0.80
MIOLO CADERNO WIRE-O 17X24 + BOLSA,10000,ITEM 61,,MIOLO + BOLSA,2929,23/09/2024,18100,1.81
G5,1800,,LINHA 2025,CAPAS,2935,01/10/2024,1600,0.89
DIVISÓRIAS PLANNER 4/4(12 ABAS),6000,ITEM 58,,DIVISÓRIAS,2938,02/10/2024,10800,1.80
MIOLO CADERNO ORGANIZADOR A5,7024,ITEM 83,,MIOLOS,2941,08/10/2024,11589.60,1.65
DIVISÓRIAS A5 4/4,11000,,,DIVISÓRIAS,2985,11/11/2024,7876,0.72
DIVISÓRIAS A5 MELISSA,4000,,,DIVISÓRIAS,2986,11/11/2024,5200,1.30
MIOLO CADERNO WIRE-O 17X24 + BOLSA,10000,ITEM 61,,MIOLO + BOLSA,2987,12/11/2024,18500,1.85
"ADESIVOS PLANNER WIRE-O A5, CADERNO ORGANIZADOR E FICHÁRIO",30000,,,ADESIVOS,2988,12/11/2024,13500,0.45
BOLSA A5,25000,,,BOLSA,2989,12/11/2024,1625,0.07
BOLSA 17X24,15000,,,BOLSA,2989,12/11/2024,1650,0.11
DIVISÓRIAS PERSONALIZADO,14000,,PERSONALIZADO,DIVISÓRIAS,2994,14/11/2024,18480,1.32
DIVISÓRIAS PLANNER 4/4(12 ABAS),8060,ITEM 58,DIVISÓRIAS,CAPAS,2995,21/11/2024,13540.80,1.68
MIOLO FICHÁRIO 17X24,10040,ITEM 52,,MIOLOS,2997,22/11/2024,15662.40,1.56
MIOLO FICHÁRIO A5,10066,ITEM 86,,MIOLOS,2998,25/11/2024,13790.42,1.37
CINTA CADERNETA S5,2000,,LINHA 2025,CINTAS,3004,28/11/2024,1140,0.57
CINTA REFIL + CADERNO,2500,,LINHA 2025,CINTAS,3004,28/11/2024,1225,0.49
CINTA REFIL + PLANNER,1500,,LINHA 2025,CINTAS,3004,28/11/2024,1080,0.72
CINTA FICHÁRIO + ORGANIZADOR,3000,,LINHA 2025,CINTAS,3004,28/11/2024,1290,0.43
IMPRESSÕES GERAIS,100000,,,CAPAS,,31/12/2023,123545.70,1.24
01.1A,1200,,COLEÇÃO 2026,CAPAS,,11/06/2025,1760,1.47
02.2A,1800,,COLEÇÃO 2026,CAPAS,,11/06/2025,1760,0.98
03.3A,1900,,COLEÇÃO 2026,CAPAS,,12/06/2025,1760,0.93
04.4A,3000,,COLEÇÃO 2026,CAPAS,,11/06/2025,2100,0.70
05.5A,2500,,COLEÇÃO 2026,CAPAS,,12/06/2025,1940,0.78
06.6A,2500,,COLEÇÃO 2026,CAPAS,,11/06/2025,1940,0.78
07.7A,2400,,COLEÇÃO 2026,CAPAS,,11/06/2025,1940,0.81
08.8A,1500,,COLEÇÃO 2026,CAPAS,,11/06/2025,1605,1.07
09.9A,2200,,COLEÇÃO 2026,CAPAS,,12/06/2025,1940,0.88
10.0A,1300,,COLEÇÃO 2026,CAPAS,,12/06/2025,1605,1.23
11.1B,1300,,COLEÇÃO 2026,CAPAS,,13/06/2025,1605,1.23
12.2B,2000,,COLEÇÃO 2026,CAPAS,,13/06/2025,1760,0.88
13.3B,750,,COLEÇÃO 2026,CAPAS,,13/06/2025,1430,1.91
14.4B,2500,,COLEÇÃO 2026,CAPAS,,13/06/2025,1940,0.78
15.5B,3000,,COLEÇÃO 2026,CAPAS,,25/06/2025,2100,0.70
16.6B,2500,,COLEÇÃO 2026,CAPAS,,25/06/2025,1940,0.78
17.7B,1500,,COLEÇÃO 2026,CAPAS,,26/06/2025,1605,1.07
18.8B,2000,,COLEÇÃO 2026,CAPAS,,25/06/2025,1760,0.88
19.9B,1200,,COLEÇÃO 2026,CAPAS,,20/06/2025,1605,1.34
20.0C,1500,,COLEÇÃO 2026,CAPAS,,20/06/2025,1605,1.07
21.1C,1300,,COLEÇÃO 2026,CAPAS,,25/06/2025,1605,1.23
22.2C,900,,COLEÇÃO 2026,CAPAS,,20/06/2025,1512,1.68
23.3C,1500,,COLEÇÃO 2026,CAPAS,,26/06/2025,1680,1.12
24.4C,1800,,COLEÇÃO 2026,CAPAS,,26/06/2025,1800,1.00
25.5C,1300,,COLEÇÃO 2026,CAPAS,,27/06/2025,1651,1.27
26.6C,3900,,COLEÇÃO 2026,CAPAS,,27/06/2025,2340,0.60
27.7C,2700,,COLEÇÃO 2026,CAPAS,,20/06/2025,2160,0.80
28.8C,1500,,COLEÇÃO 2026,CAPAS,,25/06/2025,1725,1.15
29.9C,18800,,COLEÇÃO 2026,CAPAS,,25/06/2025,1800,0.10
30.0C,2200,,COLEÇÃO 2026,CAPAS,,20/06/2025,1980,0.90
31.1D,3500,,COLEÇÃO 2026,CAPAS,,03/07/2025,2445,0.70
32.2D,3200,,COLEÇÃO 2026,CAPAS,,03/07/2025,2265,0.71
33.3D,2300,,COLEÇÃO 2026,CAPAS,,03/07/2025,1940,0.84
34.4D,2600,,COLEÇÃO 2026,CAPAS,,27/06/2025,2002,0.77
35.5D,3000,,COLEÇÃO 2026,CAPAS,,03/07/2025,2100,0.70
36.6D,1300,,COLEÇÃO 2026,CAPAS,,26/06/2025,1625,1.25
37.7D,2000,,COLEÇÃO 2026,CAPAS,,03/07/2025,1760,0.88
38.8D,3000,,COLEÇÃO 2026,CAPAS,,03/07/2025,2100,0.70
39.9D,2500,,COLEÇÃO 2026,CAPAS,,04/07/2025,1940,0.78
40.0D,2300,,COLEÇÃO 2026,CAPAS,,04/07/2025,1940,0.84
41.1E,2000,,COLEÇÃO 2026,CAPAS,,04/07/2025,1760,0.88
42.2E,1800,,COLEÇÃO 2026,CAPAS,,04/07/2025,1760,0.98
43.3E,2000,,COLEÇÃO 2026,CAPAS,,04/07/2025,1760,0.88
44.4E,2500,,COLEÇÃO 2026,CAPAS,,04/07/2025,1940,0.78
45.5E,1300,,COLEÇÃO 2026,CAPAS,,04/07/2025,1605,1.23
46.6E,900,,COLEÇÃO 2026,CAPAS,,04/07/2025,1430,1.59
47.7E,1400,,COLEÇÃO 2026,CAPAS,,08/07/2025,1155,0.83
48.8E,850,,COLEÇÃO 2026,CAPAS,,08/07/2025,1070,1.26
49.9E,1500,,COLEÇÃO 2026,CAPAS,,08/07/2025,1155,0.77
50.0F,1500,,COLEÇÃO 2026,CAPAS,,08/07/2025,1155,0.77
51.1F,1700,,COLEÇÃO 2026,CAPAS,,08/07/2025,1240,0.73
52.2F,1600,,COLEÇÃO 2026,CAPAS,,08/07/2025,1760,1.10
53.3F,2000,,COLEÇÃO 2026,CAPAS,,08/07/2025,1760,0.88
54.4F,1500,,COLEÇÃO 2026,CAPAS,,08/07/2025,1605,1.07
55.5F,2000,,COLEÇÃO 2026,CAPAS,,08/07/2025,1760,0.88
56.6F,2600,,COLEÇÃO 2026,CAPAS,,08/07/2025,2100,0.81
57.7F,1500,,COLEÇÃO 2026,CAPAS,,08/07/2025,1605,1.07
58.8F,1500,,COLEÇÃO 2026,CAPAS,,08/07/2025,1605,1.07
59.9F,1300,,COLEÇÃO 2026,CAPAS,,08/07/2025,1605,1.23
60.0F,900,,COLEÇÃO 2026,CAPAS,,10/07/2025,1430,1.59
61.1G,2000,,COLEÇÃO 2026,CAPAS,,10/07/2025,1760,0.88
62.2G,2300,,COLEÇÃO 2026,CAPAS,,10/07/2025,1940,0.84
63.3G,1700,,COLEÇÃO 2026,CAPAS,,10/07/2025,1760,1.04
64.4G,1100,,COLEÇÃO 2026,CAPAS,,10/07/2025,1605,1.46
65.5G,1500,,COLEÇÃO 2026,CAPAS,,11/07/2025,1605,1.07
66.6G,1800,,COLEÇÃO 2026,CAPAS,,11/07/2025,1760,0.98
67.7G,1200,,COLEÇÃO 2026,CAPAS,,11/07/2025,1605,1.34
68.8G,1500,,COLEÇÃO 2026,CAPAS,,11/07/2025,1605,1.07
69.9G,2100,,COLEÇÃO 2026,CAPAS,,11/07/2025,1940,0.92
70.0G,2000,,COLEÇÃO 2026,CAPAS,,17/07/2025,1850,0.93
71.1H,1200,,COLEÇÃO 2026,CAPAS,,11/07/2025,1605,1.34
72.2H,1800,,COLEÇÃO 2026,CAPAS,,17/07/2025,1760,0.98
73.3H,1500,,COLEÇÃO 2026,CAPAS,,17/07/2025,1605,1.07
74.4H,1200,,COLEÇÃO 2026,CAPAS,,17/07/2025,1605,1.34
75.5H,1000,,COLEÇÃO 2026,CAPAS,,17/07/2025,1430,1.43
76.6H,2400,,COLEÇÃO 2026,CAPAS,,17/07/2025,2310,0.96
77.7H,600,,COLEÇÃO 2026,CAPAS,,17/07/2025,1760,2.93
"Lâminas - COLEÇÃO 2026 (C04) - CINTA. 485x647mm, 4x0 cores, Couche Brilho 170g - 3000 unid - R$ 1.410,00",3000,,COLEÇÃO 2026,CINTA,,08/07/2025,1410,0.47
"Lâminas - COLEÇÃO 2026 (C05) - CINTA. 477x674mm, 4x0 cores, Couche Brilho 170g - 2050 unid - R$ 1.325,00",2050,,COLEÇÃO 2026,CINTA,,08/07/2025,1325,0.65
"Lâminas - COLEÇÃO 2026 (C06) - CINTA. 481x640mm, 4x0 cores, Couche Brilho 170g - 1400 unid - R$ 1.155,00",1400,,COLEÇÃO 2026,CINTA,,08/07/2025,1155,0.83
"Lâminas - COLEÇÃO 2026 (C07) - CINTA. 492x688mm, 4x0 cores, Couche Brilho 170g - 1350 unid - R$ 1.155,00",1350,,COLEÇÃO 2026,CINTA,,08/07/2025,1155,0.86
"Lâminas - COLEÇÃO 2026 (C08) - CINTA. 483x695mm, 4x0 cores, Couche Brilho 170g - 1750 unid - R$ 1.240,00",1750,,COLEÇÃO 2026,CINTA,,08/07/2025,1240,0.71
"Lâminas - COLEÇÃO 2026 (C09) - CINTA. 481x680mm, 4x0 cores, Couche Brilho 170g - 2950 unid - R$ 1.410,00",2950,,COLEÇÃO 2026,CINTA,,08/07/2025,1410,0.48
"Lâminas - COLEÇÃO 2026 (C10) - CINTA. 481x681mm, 4x0 cores, Couche Brilho 170g - 2300 unid - R$ 1.325,00",2300,,COLEÇÃO 2026,CINTA,,08/07/2025,1325,0.58
"Lâminas - COLEÇÃO 2026 (C11) - CINTA. 481x681mm, 4x0 cores, Couche Brilho 170g - 2250 unid - R$ 1.325,00",2250,,COLEÇÃO 2026,CINTA,,08/07/2025,1325,0.59
"Lâminas - CINTA SCRITURA - COLEÇÃO 2026 - (S01). 440x575mm, 4x0 cores, em Scritura 130g - 2000 unid - R$ 1.240,00",2000,,COLEÇÃO 2026,CINTA,,09/07/2025,1240,0.62
"Lâminas - CINTA SCRITURA - COLEÇÃO 2026 - (S02). 439x625mm, 4x0 cores, em Scritura 130g - 1600 unid - R$ 1.240,00",1600,,COLEÇÃO 2026,CINTA,,09/07/2025,1240,0.78
"Lâminas - CINTA SCRITURA - COLEÇÃO 2026 - (S03). 440x580mm, 4x0 cores, em Scritura 130g - 1300 unid - R$ 1.155,00",1300,,COLEÇÃO 2026,CINTA,,09/07/2025,1155,0.89
"Lâminas - CINTA SCRITURA - COLEÇÃO 2026 - (S04). 440x604mm, 4x0 cores, em Scritura 130g - 1300 unid - R$ 1.155,00",1300,,COLEÇÃO 2026,CINTA,,09/07/2025,1155,0.89
"Lâminas - COLEÇÃO 2026 (C01) - CINTA. 670x450mm, 4x0 cores, em Couche Brilho 170g",1250,,COLEÇÃO 2026,CAPAS,,16/06/2025,1155,0.92
"Lâminas - COLEÇÃO 2026 (C02) - CINTA. 686x469mm, 4x0 cores, em Couche Brilho 170g",1500,,COLEÇÃO 2026,CAPAS,,16/06/2025,1155,0.77
"Lâminas - COLEÇÃO 2026 (C03) - CINTA. 690x423mm, 4x0 cores, em Couche Brilho 170g",2400,,COLEÇÃO 2026,CAPAS,,16/06/2025,1325,0.55
"Lâminas - GUARDA PERSONALIZADA BRZ. 590x430mm, 2x0 cores, em Off-set 120g",150,,PERSONALIZADO,GUARDA,,23/06/2025,761,5.07
"Lâmina - Régua caderno organizador (folha de máquina) 500x442, 1x0 -  cor, em supremo 250g fornecido . CTP incluso -  R$ 1.100,00",1000,,,REGUA,,30/05/2025,1100,1.10
"Lâmina - Coleção melissa (94/J4) 438x580mm, 4/1 cores, em Couchê Brilho 170g - 2000 unid =  1760,00",2000,,LINHA 2025,CAPAS,,13/05/2025,1760,0.88
"Lâmina - Personalizado Impa 1. 43x59cm / 4/0 /  couchê 250g - 400 unid = 1070,00",400,,PERSONALIZADO,CAPAS,,28/04/2025,1070,2.68
"Lâmina - Personalizado Impa 2. 43x59cm / 4/0 /  couchê 250g - 200 unid =  1070,000",200,,PERSONALIZADO,CAPAS,,28/04/2025,1070,5.35
"Lâmina - Notas Mix Preto - 595x430mm, 2/0 Couchê 250g - R$ 1070,00",1000,,LINHA 2025,CAPAS,,26/03/2025,1070,1.07
"Lâmina - Cinta coleção 2025 (C21) - 468x686 4/0 Couchê 170g - R$ 1070,00",1000,,LINHA 2025,CINTA,,24/03/2025,1070,1.07
"Lâmina - Cinta coleção 2025 (C22) - 481x680 4/0 Couchê 170g - R$ 1070,00",1000,,LINHA 2025,CINTA,,24/03/2025,1070,1.07
"Lâmina - Cinta coleção 2025 (C23) - 462x680 4/0 Couchê 170g - R$ 1070,00",1000,,LINHA 2025,CINTA,,24/03/2025,1070,1.07
"Lâmina - Cinta coleção 2025 (C24) - 490x699 4/0 Couchê 170g - R$ 1070,00",1000,,LINHA 2025,CINTA,,24/03/2025,1070,1.07
"Lâmina - Cinta coleção 2025 (C25) - 370x610 4/0 Couchê 170g - R$ 1070,00",1000,,LINHA 2025,CINTA,,24/03/2025,1070,1.07
"Lâmina - Cinta coleção 2025 (S8) - 440x610 4/0 Couchê 170g - R$ 1070,00",1000,,LINHA 2025,CINTA,,24/03/2025,1070,1.07
"Lâmina -  Coleção 2025 (85/I5) Melissa - 492x644mm, 4/1 Couchê 170g - R$ 1605,00",1500,,POCKET 2025,CAPAS,,28/02/2025,1605,1.07
"Lâmina -  Coleção 2025 (86/I6) Melissa - 488x652mm, 4/1 Couchê 170g - R$ 1430,00",650,,POCKET 2025,CAPAS,,28/02/2025,1430,2.20
"Lâmina -  Coleção 2025 (87/I7) - 440x595mm, 4/0 Couchê 250g - R$ 1070,00",650,,POCKET 2025,CAPAS,,28/02/2025,1070,1.65
"Lâmina -  Coleção 2025 (88) - 492x644mm, 4/1 Couchê 170g - R$ 1605,00",1500,,POCKET 2025,CAPAS,,28/02/2025,1605,1.07
"Lâmina -  Coleção Pocket 2025 (90/J0) - 488x697mm, 4/1 Couchê 170g - R$ 1430,00",550,,POCKET 2025,CAPAS,,28/02/2025,1430,2.60
"Lâmina -  Coleção Pocket 2025 (91/J1) - 450x578mm, 4/1 Couchê 170g - R$ 1430,00",550,,POCKET 2025,CAPAS,,28/02/2025,1430,2.60
"Lâmina -  Coleção Pocket 2025 (92/J2) - 492x640mm, 4/1 Couchê 170g - R$ 1430,00",550,,POCKET 2025,CAPAS,,28/02/2025,1430,2.60
"Lâmina -  Coleção Pocket 2025 (93/J3) - 410x572mm, 4/1 Couchê 170g - R$ 1430,00",550,,POCKET 2025,CAPAS,,28/02/2025,1430,2.60
"COLECAO 2025 FRESCOR (72 / H2) - 494x650mm, 4x1 cores, em couchê brilho 170g // 2.000 unid // R$ 1.600,00",2000,,FRESCOR 2025,CAPAS,,06/01/2025,1600,0.80
"COLECAO 2025 FRESCOR (73 / H3) - 485x650mm, 4x1 cores, em couchê brilho 170g // 1.000 unid // R$ 1.330,00",1000,,FRESCOR 2025,CAPAS,,06/01/2025,1330,1.33
"COLECAO 2025 FRESCOR (76 / H6) - 456x595mm, 4x1 cores, em couchê brilho 170g // 1.500 unid // R$ 1.470,00",1500,,FRESCOR 2025,CAPAS,,06/01/2025,1470,0.98
"COLECAO 2025 FRESCOR /  Notas Mix - Revista  / (84 / I4) - 430x595mm, 4x0 cores, em couchê brilho 250g // 1.000 unid // R$ 1.030,00",1000,,FRESCOR 2025,CAPAS,,06/01/2025,1030,1.03
"COLECAO 2025 FRESCOR (81 / H1) - 492x650mm, 4x1 cores, em couchê brilho 170g // 1.500 unid // R$ 1.470,00",1500,,FRESCOR 2025,CAPAS,,06/01/2025,1470,0.98
"COLECAO 2025 FRESCOR (83 / H3) - 438x590mm, 4x1 cores, em couchê brilho 170g // 1.500 unid // R$ 1.470,00",1500,,FRESCOR 2025,CAPAS,,06/01/2025,1470,0.98
"COLECAO 2025 FRESCOR. 479x660mm, 4x1 cores, em Couche Brilho 170g  //  1.500 unid  // R$ 1.470,00",1500,,FRESCOR 2025,CAPAS,,27/12/2024,1470,0.98
"COLECAO 2025 FRESCOR. 494x650mm, 4x1 cores, em Couche Brilho 170g  //  1.500 unid  // R$ 1.470,00",1500,,FRESCOR 2025,CAPAS,,27/12/2024,1470,0.98
"COLECAO 2025 FRESCOR. 438x600mm, 4x1 cores, em Couche Brilho 170g  //  1.500 unid  // R$ 1.470,00",1500,,FRESCOR 2025,CAPAS,,27/12/2024,1470,0.98
"COLECAO 2025 FRESCOR. 380x580mm, 4x1 cores, em Couche Brilho 170g  //  1.000 unid  // R$ 1.330,00",1000,,FRESCOR 2025,CAPAS,,27/12/2024,1330,1.33
"PERSONALIZADO TOK STOK DIVISÓRIAS. 158x210mm, 4x0 cores, em Offset 240g  //  14.400 unid  // R$ 8.208,00",14400,,PERSONALIZADO,DIVISÓRIAS,,26/12/2024,8208,0.57
"PERSONALIZADO TOK STOK BOLSA. 296x310mm, 4x4 cores, em Scritura 130g  //  1.500 unid  // R$ 4.800,00",1500,,PERSONALIZADO,BOLSA PASTA,,26/12/2024,4800,3.20
"PERSONALIZADO TOK STOK FORRO. 391x222mm, 4x0 cores, em Scritura 130g  //  1.360 unid  // R$ 1.080,00",1360,,PERSONALIZADO,FORRO,,26/12/2024,1080,0.79
"Lâminas - Coleção 2025 - 66 (G6) - Melissa, 438x60, 4x1 cores, em Couche Brilho 170g fornecido. CTP incluso. - 650 unid / R$ 1330,00",650,,LINHA 2025,CAPAS,,12/12/2024,1330,2.05
"Lâminas - Coleção 2025 - 67(G7) - Melissa+Bossa. 492x647mm, 4x1 cores, em Couche Brilho 170g fornecido. CTP incluso. - 2000 unid / R$ 1600,00",2000,,LINHA 2025,CAPAS,,12/12/2024,1600,0.80
"Lâminas - Coleção 2025 - 68(G8) - Melissa. 492x640mm, 4x1 cores, em Couche Brilho 170g fornecido. CTP incluso. - 1000 unid / R$ 1330,00",1000,,LINHA 2025,CAPAS,,12/12/2024,1330,1.33
"Lâminas - Coleção 2025 - 69(G9) - Melissa. 602x446mm, 4x1 cores, em Couche Brilho 170g fornecido. CTP incluso. - 1500 unid / R$ 1470,00",1500,,LINHA 2025,CAPAS,,12/12/2024,1470,0.98
"Lâminas - Coleção 2025 - 70(G0) - Melissa 41x5SOmm, 4x1 cores, em Couche Brilho 170g fornecido. CTP incluso. - 1500 unid / R$ 1470,00",1500,,LINHA 2025,CAPAS,,12/12/2024,1470,0.98
"Lâminas - Coleção 2025 - 71(H1) - Melissa 488x600mm, 4xl cores, em Couche Brilho 170g fornecido. CTP incluso. - 1000 unid / R$ 1330,00",1000,,LINHA 2025,CAPAS,,12/12/2024,1330,1.33
"PERSONALIZADO HANZO. 430x590mm, 4x0 cores, em Couche Brilho 250g  //  300 unid  // R$ 1030,00",300,,PERSONALIZADO,CAPAS,,11/12/2024,1030,3.43
"PERSONALIZADO - KINCAID. 430x590mm, 4x0 cores, em Couche Brilho 250 // 600 unid  // R$ 1030,00",600,,PERSONALIZADO,CAPAS,,11/12/2024,1030,1.72
"PERSONALIZADO - KINCAID f CADERNETA. 497x654mm, 4x1 cores, em Couche 170g // 700 unid  // 1330,00",700,,PERSONALIZADO,CAPAS,,11/12/2024,1330,1.90
"Laminas - CINTA CADERNETA (SS). 440x608mm, 4x0 cores, em Scritura 130g // 2000 UNID // 1140,00",2000,,LINHA 2025,CINTA,,28/11/2024,1140,0.57
"Laminas - CINTA REFIL + CADERNO. 465x692mm, 4xo cores, em Couche Brilho 170g // 2500 // 1225,00",2500,,LINHA 2025,CINTA,,28/11/2024,1225,0.49
"Laminas - CINTA REFIL + PLANNER 6).481 x692mm, 4xo cores, em Couche Brilho 170g // 1500 // 1080,00",1500,,LINHA 2025,CINTA,,28/11/2024,1080,0.72
"Laminas - CINTA FICHÅRIO + ORGANIZADOR. 474x679mm, 4xo cores, em Couche Brilho 170g // 3000 // 1290,00",3000,,LINHA 2025,CINTA,,28/11/2024,1290,0.43